{
  "train_loss": [
    0.3651303917169571,
    0.1301048755645752,
    0.14130810350179673,
    0.07319678738713264,
    0.07176829259842635,
    0.05003202855587006,
    0.03866702206432819,
    0.033154590614140035,
    0.04407960623502731,
    0.028085418045520782,
    0.027057795971632003,
    0.03351874947547913,
    0.029038257710635663,
    0.028901164513081314,
    0.025286918506026268,
    0.021835382096469402,
    0.03396729193627834,
    0.02252950696274638,
    0.027411190792918205,
    0.020878767129033804
  ],
  "train_acc": [
    82.89473684210526,
    98.6842105263158,
    96.05263157894737,
    100.0,
    100.0,
    100.0,
    100.0,
    100.0,
    99.34210526315789,
    100.0,
    99.34210526315789,
    100.0,
    100.0,
    100.0,
    100.0,
    100.0,
    99.34210526315789,
    100.0,
    100.0,
    100.0
  ],
  "val_loss": [
    1.5330474078655243,
    5.830256104469299,
    7.972952365875244,
    8.181918382644653,
    6.871599555015564,
    6.132557272911072,
    5.342113733291626,
    4.538658946752548,
    4.186420485377312,
    4.195023402571678,
    4.481492191553116,
    2.7024203445762396,
    2.2051346069201827,
    2.415804265998304,
    3.1626760186627507,
    4.069156018085778,
    5.915803681826219,
    7.2378178564831614,
    9.021537828724831,
    12.223273039795458
  ],
  "val_acc": [
    76.3157894736842,
    73.6842105263158,
    73.6842105263158,
    76.3157894736842,
    78.94736842105263,
    78.94736842105263,
    84.21052631578948,
    86.84210526315789,
    92.10526315789474,
    92.10526315789474,
    94.73684210526316,
    94.73684210526316,
    97.36842105263158,
    97.36842105263158,
    97.36842105263158,
    97.36842105263158,
    97.36842105263158,
    97.36842105263158,
    97.36842105263158,
    97.36842105263158
  ]
}