{
  "train_loss": [
    0.30309290982901105,
    0.21350641310136154,
    0.16049252348956922,
    0.1423673341198573,
    0.12950030178147018,
    0.09987980481631384,
    0.06970044300970302,
    0.05847249592028598,
    0.050904285229210346,
    0.07087493298708328,
    0.037034235013249726,
    0.03533561669152092,
    0.024041918599140392,
    0.01548275059284938,
    0.016120203774238853,
    0.012800284048016355,
    0.011554380599624926,
    0.012886583469485496,
    0.010434254909514926,
    0.011249160270669982
  ],
  "train_acc": [
    87.37173121482952,
    91.14531612048991,
    93.56173452499172,
    94.62098642833499,
    95.06785832505793,
    96.22641509433963,
    97.43462429659053,
    97.83184376034426,
    98.11320754716981,
    97.56703078450845,
    98.75868917576962,
    98.77523998675935,
    99.12280701754386,
    99.4372724263489,
    99.52002648129758,
    99.68553459119497,
    99.70208540218471,
    99.61933134723601,
    99.6524329692155,
    99.61933134723601
  ],
  "val_loss": [
    0.6353808388424417,
    0.20504589766884843,
    0.1442336195614189,
    0.22747719970842203,
    0.11205527349375188,
    0.10821604845114052,
    0.08194823953090236,
    0.10532065965041208,
    0.10375203578344856,
    0.09887800823586683,
    0.09256977794575505,
    0.09104617938404165,
    0.07501138737219055,
    0.09221921623005376,
    0.06744086040756277,
    0.075123378808712,
    0.07777014378613482,
    0.08299314156556648,
    0.08772943196405929,
    0.08894229029920098
  ],
  "val_acc": [
    89.94043679682329,
    91.3964262078094,
    94.3084050297816,
    90.80079417604236,
    95.69821310390469,
    96.36002647253474,
    96.75711449371278,
    96.02911978821972,
    96.09530112508273,
    96.36002647253474,
    96.95565850430178,
    96.75711449371278,
    97.22038385175381,
    96.95565850430178,
    97.2865651886168,
    97.55129053606883,
    97.22038385175381,
    96.95565850430178,
    97.22038385175381,
    97.22038385175381
  ]
}