{
  "train_loss": [
    0.9152617454528809,
    0.2644796371459961,
    0.18053464591503143,
    0.13724851608276367,
    0.11423497647047043,
    0.08936148136854172,
    0.05655427649617195,
    0.07170922309160233,
    0.07518516480922699,
    0.07147970795631409,
    0.06533179432153702,
    0.055048923939466476,
    0.06194479763507843,
    0.04800044372677803,
    0.03795755282044411,
    0.05197430029511452,
    0.056583985686302185,
    0.04214663431048393,
    0.03582879900932312,
    0.03785930573940277
  ],
  "train_acc": [
    40.625,
    90.625,
    93.75,
    100.0,
    100.0,
    100.0,
    100.0,
    100.0,
    100.0,
    100.0,
    100.0,
    100.0,
    100.0,
    100.0,
    100.0,
    100.0,
    100.0,
    100.0,
    100.0,
    100.0
  ],
  "val_loss": [
    0.6607120037078857,
    0.42246922850608826,
    0.48053765296936035,
    0.7203781604766846,
    1.1628226041793823,
    1.6829952001571655,
    2.1691956520080566,
    2.6419332027435303,
    3.0722198486328125,
    3.461075782775879,
    3.7999613285064697,
    4.099404335021973,
    4.357260704040527,
    4.584946155548096,
    4.750472545623779,
    4.872951507568359,
    4.9593400955200195,
    4.978927135467529,
    4.971396446228027,
    4.887238025665283
  ],
  "val_acc": [
    50.0,
    87.5,
    62.5,
    50.0,
    50.0,
    50.0,
    50.0,
    50.0,
    50.0,
    50.0,
    50.0,
    50.0,
    50.0,
    50.0,
    50.0,
    50.0,
    50.0,
    50.0,
    50.0,
    50.0
  ]
}